{"cameraMode":{"drawMode":0,"name":"Shaded","section":"Shading Mode"},"sceneLighting":true,"audioPlay":false,"sceneViewState":{"m_AlwaysRefresh":false,"showFog":true,"showSkybox":true,"showFlares":true,"showImageEffects":true,"showParticleSystems":true,"showVisualEffectGraphs":true,"m_FxEnabled":true},"in2DMode":false,"pivot":{"x":-0.7643432021141052,"y":-0.2285902500152588,"z":-1.5014346837997437},"rotation":{"x":-0.10964351147413254,"y":-0.872524082660675,"z":0.22909684479236604,"w":-0.41739892959594729},"size":12.365477561950684,"orthographic":false}